feature,coefficient
airconditioning_yes,791426.7358431863
hotwaterheating_yes,684649.8853387905
prefarea_yes,629890.5653133607
bathrooms,521879.02774805157
area,519552.4163399872
furnishingstatus_unfurnished,-413645.0622282218
basement_yes,390251.1761810933
mainroad_yes,367919.94767957256
stories,349251.438905573
guestroom_yes,231610.03717565007
parking,192005.9536674869
furnishingstatus_semi-furnished,-126881.81758510844
bedrooms,57349.559418618446
