split,mse,rmse,r2
train,968358188440.7242,984051.9236507412,0.6859438988560158
test,1754318687330.6682,1324506.9600914402,0.6529242642153175
